NAME,Median_Income,Child_Poverty_Count,Child_Poverty_Rate,Poverty_Count,Poverty_Rate,All_Child_Poverty_Count,All_Poverty_Count,STABREV,STATE,YEAR,Z_score
Alabama,42882,300649,27.4,889091,18.9,1096240,4716072,AL,1,2013,1.7872460934489216
Alaska,70058,25030,13.6,72643,10.1,184278,718370,AK,2,2013,-1.0238144488456271
Arizona,48504,422435,26.6,1206948,18.6,1590036,6477186,AZ,4,2013,1.6914144840525174
Arkansas,40605,197129,28.3,557399,19.4,695853,2873346,AR,5,2013,1.9469654424429301
California,60185,2119056,23.5,6328064,16.8,9030489,37593095,CA,6,2013,1.1164248276740867
Colorado,58942,204866,16.8,665351,12.9,1222544,5151496,CO,8,2013,-0.1293860944791795
Connecticut,67262,112225,14.5,373387,10.7,775350,3485349,CT,9,2013,-0.8321512300528171
Delaware,58244,38254,19.1,115774,12.9,200641,900322,DE,10,2013,-0.1293860944791795
District of Columbia,66326,32071,29.3,115096,18.8,109630,611783,DC,11,2013,1.7553022236501206
Florida,46021,982272,24.8,3268130,17.1,3953274,19129965,FL,12,2013,1.212256437070492
Georgia,47765,655194,26.7,1849944,19.0,2454092,9720922,GA,13,2013,1.8191899632477238
Hawaii,67798,43574,14.4,153375,11.2,302288,1367661,HI,15,2013,-0.6724318810588087
Idaho,46621,81389,19.2,246708,15.6,422898,1582907,ID,16,2013,0.733098390088466
Illinois,56212,613204,20.6,1841996,14.6,2975854,12576676,IL,17,2013,0.41365969210044906
Indiana,47508,339807,21.9,1008411,15.8,1551479,6367955,IN,18,2013,0.7969861296860697
Iowa,52286,114304,16.0,377037,12.6,712692,2991661,IA,19,2013,-0.22521770387558482
Kansas,50892,131251,18.4,391718,13.9,713209,2811674,KS,20,2013,0.19005260350883743
Kentucky,43307,253390,25.5,803044,18.8,994801,4266545,KY,21,2013,1.7553022236501206
Louisiana,44234,311059,28.4,897284,20.0,1097099,4494987,LA,22,2013,2.1386286612357406
Maine,47095,46645,18.2,181386,14.0,255840,1293815,ME,23,2013,0.22199647330763903
Maryland,72482,184220,13.9,591457,10.2,1325914,5788168,MD,24,2013,-0.9918705790468256
Massachusetts,66794,222666,16.2,770922,11.9,1372553,6456504,MA,25,2013,-0.4488247924671965
Michigan,48200,522365,23.7,1646038,17.0,2199928,9669494,MI,26,2013,1.1803125672716899
Minnesota,60664,176274,14.0,592526,11.2,1255450,5292405,MN,27,2013,-0.6724318810588087
Mississippi,38191,246458,34.0,692058,23.9,725052,2893762,MS,28,2013,3.3844395833890064
Missouri,46905,303923,22.2,928778,15.8,1367104,5861018,MO,29,2013,0.7969861296860697
Montana,46893,45588,20.8,159248,16.1,219248,990608,MT,30,2013,0.8928177390824751
Nebraska,51502,77850,17.1,234742,12.9,456306,1815562,NE,31,2013,-0.1293860944791795
Nevada,51250,147638,22.7,433267,15.8,651285,2750482,NV,32,2013,0.7969861296860697
New Hampshire,64064,29059,10.9,115146,9.0,265467,1281175,NH,33,2013,-1.3751970166324456
New Jersey,70224,329140,16.5,995390,11.4,1998029,8720993,NJ,34,2013,-0.608544141461205
New Mexico,44026,151127,30.1,437923,21.4,502248,2045405,NM,35,2013,2.585842838418964
New York,57255,956127,22.9,3068230,16.0,4167553,19133973,NY,36,2013,0.8608738692836729
North Carolina,45946,563572,25.1,1711331,17.8,2247397,9588243,NC,37,2013,1.4358635256621037
North Dakota,56800,19962,12.4,81055,11.6,160537,698176,ND,38,2013,-0.5446564018636018
Ohio,48138,589871,22.7,1793523,15.9,2602025,11248737,OH,39,2013,0.8289299994848713
Oklahoma,45724,221024,23.8,624209,16.7,929261,3735214,OK,40,2013,1.0844809578752845
Oregon,50228,181281,21.6,637505,16.5,839884,3852906,OR,41,2013,1.0205932182776813
Pennsylvania,52005,513048,19.2,1687854,13.7,2665218,12353267,PA,42,2013,0.12616486391123372
Rhode Island,55015,46149,22.0,148275,14.7,209869,1010806,RI,44,2013,0.44560356189925066
South Carolina,44310,290346,27.3,858553,18.5,1063159,4631792,SC,45,2013,1.6594706142537152
South Dakota,49200,37646,18.6,114291,14.0,202610,815064,SD,46,2013,0.22199647330763903
Tennessee,44268,388141,26.5,1128618,17.8,1467283,6335301,TN,47,2013,1.4358635256621037
Texas,51714,1739298,25.0,4531427,17.5,6953957,25834186,TX,48,2013,1.3400319162656984
Utah,59715,129261,14.6,360119,12.6,883310,2851584,UT,49,2013,-0.22521770387558482
Vermont,52511,18412,15.2,73947,12.3,120737,602556,VT,50,2013,-0.3210493132719896
Virginia,62745,289032,15.7,941059,11.7,1835642,8010546,VA,51,2013,-0.5127125320648002
Washington,58431,291841,18.6,963088,14.1,1566154,6836264,WA,53,2013,0.2539403431064406
West Virginia,41195,97201,26.3,331674,18.4,370258,1798289,WV,54,2013,1.627526744454913
Wisconsin,51474,236308,18.4,753709,13.5,1284376,5593184,WI,55,2013,0.06227712431363054
Wyoming,58424,18331,13.5,62118,10.9,135769,569330,WY,56,2013,-0.7682634904552135
Alabama,42917,298682,27.4,905682,19.2,1091420,4727546,AL,1,2014,1.883077702845327
Alaska,70898,28273,15.5,81622,11.4,182233,717708,AK,2,2014,-0.608544141461205
Arizona,50036,406457,25.6,1195889,18.2,1589975,6573428,AZ,4,2014,1.5636390048573099
Arkansas,41335,183334,26.3,539999,18.7,696524,2882846,AR,5,2014,1.7233583538513184
California,61927,2040811,22.6,6253423,16.4,9017054,38060226,CA,6,2014,0.9886493484788793
Colorado,61324,191679,15.6,632987,12.1,1229395,5237165,CO,8,2014,-0.3849370528695933
Connecticut,70007,113733,14.9,375281,10.8,764912,3485626,CT,9,2014,-0.800207360254015
Delaware,59853,38543,19.2,118032,13.0,201039,909603,DE,10,2014,-0.09744222468037793
District of Columbia,69992,32807,28.9,114790,18.4,113547,624323,DC,11,2014,1.627526744454913
Florida,47439,962857,24.2,3231142,16.6,3984878,19470220,FL,12,2014,1.0525370880764835
Georgia,49240,646960,26.3,1802783,18.4,2456276,9823818,GA,13,2014,1.627526744454913
Hawaii,69549,45637,15.2,158266,11.5,300993,1379800,HI,15,2014,-0.5766002716624034
Idaho,47572,80668,19.0,237604,14.8,424188,1603065,ID,16,2014,0.4775474316980528
Illinois,57458,591750,20.1,1802337,14.3,2938448,12571810,IL,17,2014,0.31782808270404433
Indiana,49384,328349,21.2,968437,15.2,1545261,6391497,IN,18,2014,0.6053229108932592
Iowa,53816,110382,15.5,368678,12.3,710872,3004852,IA,19,2014,-0.3210493132719896
Kansas,52392,125562,17.6,381506,13.5,711445,2821429,KS,20,2014,0.06227712431363054
Kentucky,42914,256368,25.9,812803,19.0,988287,4275418,KY,21,2014,1.8191899632477238
Louisiana,44680,307469,28.0,898902,19.9,1097124,4518537,LA,22,2014,2.1066847914369387
Maine,49381,47862,19.0,181737,14.0,251940,1293998,ME,23,2014,0.22199647330763903
Maryland,73851,183531,13.8,604762,10.4,1330462,5835382,MD,24,2014,-0.9279828394492219
Massachusetts,69200,209291,15.3,760211,11.7,1370436,6509684,MA,25,2014,-0.5127125320648002
Michigan,49755,492257,22.6,1567465,16.2,2181665,9686780,MI,26,2014,0.9247616088812761
Minnesota,61473,186025,14.8,607870,11.4,1260939,5332572,MN,27,2014,-0.608544141461205
Mississippi,39738,220885,30.7,634960,21.9,719646,2895486,MS,28,2014,2.7455621874129723
Missouri,48288,289287,21.3,908394,15.5,1360550,5878633,MO,29,2014,0.7011545202896644
Montana,46608,42150,19.2,151915,15.2,219300,997959,MT,30,2014,0.6053229108932592
Nebraska,52803,73270,16.0,225054,12.3,458792,1828140,NE,31,2014,-0.3210493132719896
Nevada,51487,144947,22.2,430447,15.4,654323,2800763,NV,32,2014,0.6692106504908628
New Hampshire,66469,33155,12.6,117822,9.2,264074,1287504,NH,33,2014,-1.3113092770348427
New Jersey,71968,314073,15.8,972441,11.1,1989086,8762155,NJ,34,2014,-0.7043757508576103
New Mexico,44905,138918,28.0,420388,20.6,496465,2045506,NM,35,2014,2.3302918800285513
New York,58771,949253,22.9,3082613,16.0,4153197,19228484,NY,36,2014,0.8608738692836729
North Carolina,46596,544149,24.1,1663954,17.2,2256859,9691813,NC,37,2014,1.244200306869293
North Dakota,60227,22572,13.7,79203,11.1,164329,712526,ND,38,2014,-0.7043757508576103
Ohio,49349,588618,22.7,1778288,15.8,2593237,11276366,OH,39,2014,0.7969861296860697
Oklahoma,47524,209022,22.4,623162,16.6,931886,3759494,OK,40,2014,1.0525370880764835
Oregon,51088,179110,21.3,637156,16.4,839659,3893489,OR,41,2014,0.9886493484788793
Pennsylvania,53224,510371,19.2,1679008,13.6,2655076,12371337,PA,42,2014,0.09422099411243212
Rhode Island,54797,44563,21.2,149825,14.8,210531,1015656,RI,44,2014,0.4775474316980528
South Carolina,45337,281738,26.4,838065,17.9,1067825,4691566,SC,45,2014,1.4678073954609048
South Dakota,51059,37836,18.4,115906,14.1,206028,824377,SD,46,2014,0.2539403431064406
Tennessee,44357,380159,25.9,1165245,18.2,1468785,6386629,TN,47,2014,1.5636390048573099
Texas,53067,1721843,24.5,4519548,17.2,7030708,26340274,TX,48,2014,1.244200306869293
Utah,60943,120155,13.4,341587,11.8,893699,2897763,UT,49,2014,-0.48076866226599807
Vermont,54153,18374,15.4,72294,12.0,118968,601822,VT,50,2014,-0.4168809226683949
Virginia,64923,292525,15.9,955541,11.8,1842990,8080272,VA,51,2014,-0.48076866226599807
Washington,61358,275662,17.5,913463,13.2,1574226,6927892,WA,53,2014,-0.03355448508277477
West Virginia,41030,91659,25.0,328734,18.3,367288,1793046,WV,54,2014,1.595582874656112
Wisconsin,52632,233850,18.4,737307,13.2,1273686,5603483,WI,55,2014,-0.03355448508277477
Wyoming,58291,18580,13.7,63860,11.2,135961,570142,WY,56,2014,-0.6724318810588087
Alabama,44833,288450,26.5,875853,18.5,1087692,4736374,AL,1,2015,1.6594706142537152
Alaska,73391,26564,14.5,74941,10.4,182947,720764,AK,2,2015,-0.9279828394492219
Arizona,51473,394337,24.7,1159046,17.4,1595858,6671708,AZ,4,2015,1.3080880464668962
Arkansas,42046,182238,26.4,540733,18.7,689149,2887336,AR,5,2015,1.7233583538513184
California,64483,1901985,21.2,5896255,15.4,8982601,38398077,CA,6,2015,0.6692106504908628
Colorado,63945,183216,14.8,614410,11.5,1239846,5339619,CO,8,2015,-0.5766002716624034
Connecticut,71333,110143,14.6,367867,10.6,753352,3480915,CT,9,2015,-0.8640950998516187
Delaware,61327,38446,19.1,115655,12.6,201645,920351,DE,10,2015,-0.22521770387558482
District of Columbia,73115,32947,28.3,113185,17.7,116615,638024,DC,11,2015,1.4039196558633016
Florida,49416,944415,23.4,3129061,15.8,4036757,19850025,FL,12,2015,0.7969861296860697
Georgia,51225,610161,24.7,1705831,17.2,2467585,9943136,GA,13,2015,1.244200306869293
Hawaii,73097,44299,14.5,149091,10.7,305442,1394130,HI,15,2015,-0.8321512300528171
Idaho,48311,75056,17.7,238646,14.7,425224,1622106,ID,16,2015,0.44560356189925066
Illinois,59590,557787,19.1,1702210,13.6,2915674,12559451,IL,17,2015,0.09422099411243212
Indiana,50510,314486,20.4,924428,14.4,1545123,6417433,IN,18,2015,0.34977195250284593
Iowa,54843,106192,14.9,366453,12.1,714884,3021824,IA,19,2015,-0.3849370528695933
Kansas,53802,119994,16.9,366069,12.9,710104,2830955,KS,20,2015,-0.1293860944791795
Kentucky,45178,250180,25.3,786345,18.3,988644,4290011,KY,21,2015,1.595582874656112
Louisiana,45829,309187,28.1,885846,19.5,1100207,4541708,LA,22,2015,1.9789093122417323
Maine,51419,43683,17.5,171266,13.2,249203,1292986,ME,23,2015,-0.03355448508277477
Maryland,75784,184229,13.9,583369,9.9,1326158,5863287,MD,24,2015,-1.0877021884432303
Massachusetts,70659,203789,14.9,752453,11.5,1367029,6558724,MA,25,2015,-0.5766002716624034
Michigan,51063,481421,22.2,1524330,15.7,2164207,9698423,MI,26,2015,0.7650422598872676
Minnesota,63459,165217,13.1,546499,10.2,1263894,5366578,MN,27,2015,-0.9918705790468256
Mississippi,40630,225347,31.5,638919,22.1,715914,2896612,MS,28,2015,2.8094499270105766
Missouri,50200,277687,20.4,875704,14.8,1362505,5901975,MO,29,2015,0.4775474316980528
Montana,49650,41503,18.8,144634,14.4,221036,1007722,MT,30,2015,0.34977195250284593
Nebraska,55073,73349,15.9,224696,12.2,462607,1842687,NE,31,2015,-0.35299318307079175
Nevada,52544,142071,21.6,424824,14.9,658288,2850466,NV,32,2015,0.5094913014968544
New Hampshire,70003,28590,11.0,108293,8.4,258912,1288048,NH,33,2015,-1.5668602354252559
New Jersey,72337,306606,15.5,945989,10.8,1975646,8781579,NJ,34,2015,-0.800207360254015
New Mexico,45524,133471,27.2,405364,19.8,490693,2044455,NM,35,2015,2.0747409216381376
New York,60805,921512,22.3,2985604,15.5,4133771,19283863,NY,36,2015,0.7011545202896644
North Carolina,47884,528760,23.4,1607249,16.4,2257621,9790028,NC,37,2015,0.9886493484788793
North Dakota,61674,20716,12.1,78613,10.7,170998,731319,ND,38,2015,-0.8321512300528171
Ohio,51086,546968,21.2,1670487,14.8,2583951,11295380,OH,39,2015,0.4775474316980528
Oklahoma,48595,207539,22.0,608507,16.0,943228,3795734,OK,40,2015,0.8608738692836729
Oregon,54074,167322,19.8,601626,15.2,844164,3952049,OR,41,2015,0.6053229108932592
Pennsylvania,55683,505576,19.1,1624991,13.1,2642581,12385763,PA,42,2015,-0.06549835488157635
Rhode Island,57265,43057,20.6,143724,14.1,208665,1016344,RI,44,2015,0.2539403431064406
South Carolina,47308,260646,24.4,796609,16.8,1069113,4750107,SC,45,2015,1.1164248276740867
South Dakota,53263,36584,17.7,111697,13.5,206899,829616,SD,46,2015,0.06227712431363054
Tennessee,47243,355680,24.1,1077866,16.7,1473512,6440331,TN,47,2015,1.0844809578752845
Texas,55668,1634149,22.9,4255690,15.9,7123991,26846185,TX,48,2015,0.8289299994848713
Utah,62961,115511,12.8,331233,11.2,900888,2947857,UT,49,2015,-0.6724318810588087
Vermont,56883,16009,13.7,62643,10.4,116697,600659,VT,50,2015,-0.9279828394492219
Virginia,66263,275747,15.0,914226,11.2,1841596,8131331,VA,51,2015,-0.6724318810588087
Washington,64080,248383,15.7,860734,12.2,1583165,7036738,WA,53,2015,-0.35299318307079175
West Virginia,41969,91962,24.7,322589,18.0,371612,1793098,WV,54,2015,1.499751265259707
Wisconsin,55623,209382,16.5,679937,12.1,1270262,5620187,WI,55,2015,-0.3849370528695933
Wyoming,61213,17725,13.0,60787,10.6,136630,572327,WY,56,2015,-0.8640950998516187
Alabama,49881,255613,23.9,801758,16.8,1069994,4763811,AL,1,2018,1.1164248276740867
Alaska,74912,26096,14.5,80224,11.1,180420,720866,AK,2,2018,-0.7043757508576103
Arizona,59079,328780,20.4,990291,14.1,1615594,7013461,AZ,4,2018,0.2539403431064406
Arkansas,47094,164056,23.8,492306,16.8,689552,2925473,AR,5,2018,1.1164248276740867
California,75250,1539628,17.4,4972955,12.8,8861486,38818530,CA,6,2018,-0.1613299642779811
Colorado,71949,151618,12.1,540579,9.7,1251339,5577050,CO,8,2018,-1.1515899280408342
Connecticut,76366,100250,13.8,358519,10.3,726379,3468263,CT,9,2018,-0.9599267092480235
Delaware,65467,35031,17.6,114691,12.2,199375,940779,DE,10,2018,-0.35299318307079175
District of Columbia,82533,30803,24.5,107806,16.1,125960,669029,DC,11,2018,0.8928177390824751
Florida,55433,831420,20.0,2854438,13.7,4163488,20882673,FL,12,2018,0.12616486391123372
Georgia,58634,516311,21.0,1484439,14.5,2463467,10238647,GA,13,2018,0.3817158223016475
Hawaii,80527,35184,11.8,124400,9.0,297429,1382453,HI,15,2018,-1.3751970166324456
Idaho,55524,62392,14.2,201804,11.7,440678,1723134,ID,16,2018,-0.5127125320648002
Illinois,65063,457282,16.2,1509348,12.1,2817432,12447296,IL,17,2018,-0.3849370528695933
Indiana,55725,268470,17.5,844165,13.0,1531976,6489270,IN,18,2018,-0.09744222468037793
Iowa,60071,96859,13.5,342574,11.2,716377,3055988,IA,19,2018,-0.6724318810588087
Kansas,58150,102616,14.8,336892,11.9,691758,2825674,KS,20,2018,-0.4488247924671965
Kentucky,50189,219283,22.3,723053,16.7,981282,4326301,KY,21,2018,1.0844809578752845
Louisiana,48021,286532,26.5,848005,18.7,1080172,4529047,LA,22,2018,1.7233583538513184
Maine,55579,35960,14.8,151458,11.6,242743,1301882,ME,23,2018,-0.5446564018636018
Maryland,83076,159872,12.1,538824,9.1,1318092,5899814,MD,24,2018,-1.3432531468336442
Massachusetts,79817,166516,12.4,668402,10.0,1343342,6665106,MA,25,2018,-1.0557583186444288
Michigan,56640,409201,19.3,1369235,14.0,2122361,9774136,MI,26,2018,0.22199647330763903
Minnesota,70295,147732,11.5,527445,9.6,1279334,5488353,MN,27,2018,-1.1835337978396356
Mississippi,44740,195794,28.2,571402,19.8,694588,2886375,MS,28,2018,2.0747409216381376
Missouri,54412,245703,18.3,785343,13.2,1345718,5943697,MO,29,2018,-0.03355448508277477
Montana,55248,36711,16.4,134185,12.9,224447,1037468,MT,30,2018,-0.1293860944791795
Nebraska,59724,60389,12.9,205393,11.0,467294,1875315,NE,31,2018,-0.7363196206564119
Nevada,58740,124828,18.4,391347,13.1,676712,2991991,NV,32,2018,-0.06549835488157635
New Hampshire,75322,25379,10.1,100076,7.6,251892,1312009,NH,33,2018,-1.8224111938156695
New Jersey,81777,261055,13.5,831386,9.5,1932876,8739317,NJ,34,2018,-1.2154776676384373
New Mexico,47405,119378,25.3,386739,18.8,472582,2051723,NM,35,2018,1.7553022236501206
New York,67648,751694,18.8,2603303,13.7,3995453,19037616,NY,36,2018,0.12616486391123372
North Carolina,53922,457103,20.2,1422154,14.1,2259485,10100381,NC,37,2018,0.2539403431064406
North Dakota,65250,19332,11.0,77959,10.6,176384,736622,ND,38,2018,-0.8640950998516187
Ohio,56155,489053,19.2,1568586,13.8,2542193,11362293,OH,39,2018,0.15810873371003586
Oklahoma,51914,200399,21.4,593936,15.5,935776,3825031,OK,40,2018,0.7011545202896644
Oregon,63168,134073,15.7,516014,12.5,855540,4113121,OR,41,2018,-0.2571615736743864
Pennsylvania,60891,433329,16.7,1517936,12.2,2595708,12393999,PA,42,2018,-0.35299318307079175
Rhode Island,63787,36239,18.0,130538,12.8,201460,1016444,RI,44,2018,-0.1613299642779811
South Carolina,52449,241192,22.1,750582,15.2,1089131,4944734,SC,45,2018,0.6053229108932592
South Dakota,57041,34211,16.1,109814,12.9,212111,852354,SD,46,2018,-0.1293860944791795
Tennessee,52366,322616,21.8,1003055,15.2,1477551,6603092,TN,47,2018,0.6053229108932592
Texas,60632,1543228,21.1,4181623,14.9,7303725,28074669,TX,48,2018,0.5094913014968544
Utah,71381,89015,9.7,283562,9.1,919107,3110946,UT,49,2018,-1.3432531468336442
Vermont,60917,13791,12.2,64431,10.7,113284,601250,VT,50,2018,-0.8321512300528171
Virginia,72600,253481,13.8,884898,10.7,1839006,8264098,VA,51,2018,-0.8321512300528171
Washington,74023,205912,12.6,761941,10.3,1634810,7400548,WA,53,2018,-0.9599267092480235
West Virginia,44038,82213,23.2,305656,17.4,354416,1753457,WV,54,2018,1.3080880464668962
Wisconsin,60779,176595,14.1,626748,11.1,1250212,5665101,WI,55,2018,-0.7043757508576103
Wyoming,62259,17314,13.1,60097,10.7,131775,563345,WY,56,2018,-0.8321512300528171
Alabama,51771,233890,21.9,747478,15.6,1069755,4781642,AL,1,2019,0.733098390088466
Alaska,77203,23110,13.2,73033,10.2,175338,713733,AK,2,2019,-0.9918705790468256
Arizona,62027,309844,19.2,963007,13.5,1610783,7116300,AZ,4,2019,0.06227712431363054
Arkansas,49020,148843,21.7,468575,16.0,685668,2929084,AR,5,2019,0.8608738692836729
California,80423,1363913,15.6,4560419,11.8,8723360,38733501,CA,6,2019,-0.48076866226599807
Colorado,77104,139017,11.2,531331,9.4,1240756,5637873,CO,8,2019,-1.2474215374372388
Connecticut,78920,96843,13.5,343101,9.9,715534,3460456,CT,9,2019,-1.0877021884432303
Delaware,70348,32036,16.3,106227,11.2,196782,944966,DE,10,2019,-0.6724318810588087
District of Columbia,90395,26379,20.8,94985,14.1,126613,673036,DC,11,2019,0.2539403431064406
Florida,59198,754366,18.2,2681832,12.7,4150173,21048962,FL,12,2019,-0.19327383407678325
Georgia,61950,479379,19.5,1397607,13.5,2459159,10332525,GA,13,2019,0.06227712431363054
Hawaii,83734,33038,11.2,124650,9.0,294271,1379102,HI,15,2019,-1.3751970166324456
Idaho,60830,55949,12.7,193741,11.0,439879,1753971,ID,16,2019,-0.7363196206564119
Illinois,69212,431937,15.6,1415838,11.4,2772222,12373216,IL,17,2019,-0.608544141461205
Indiana,57617,229786,15.1,773367,11.9,1521568,6517459,IN,18,2019,-0.4488247924671965
Iowa,61807,91495,12.8,337156,11.0,713821,3058870,IA,19,2019,-0.7363196206564119
Kansas,62028,97920,14.3,319931,11.3,686042,2826822,KS,20,2019,-0.6404880112600065
Kentucky,52256,204500,20.9,692875,16.0,977035,4326724,KY,21,2019,0.8608738692836729
Louisiana,51108,282297,26.4,847739,18.8,1068800,4515814,LA,22,2019,1.7553022236501206
Maine,58824,33026,13.8,141566,10.9,238663,1304034,ME,23,2019,-0.7682634904552135
Maryland,86644,160600,12.3,537717,9.1,1307756,5898341,MD,24,2019,-1.3432531468336442
Massachusetts,85700,159006,12.0,631551,9.5,1328374,6656444,MA,25,2019,-1.2154776676384373
Michigan,59522,367411,17.5,1264445,12.9,2105157,9772164,MI,26,2019,-0.1293860944791795
Minnesota,74529,140103,11.0,491782,8.9,1277323,5515424,MN,27,2019,-1.4071408864312474
Mississippi,45928,189002,27.6,559764,19.5,683998,2877841,MS,28,2019,1.9789093122417323
Missouri,57375,227828,17.0,766238,12.9,1337402,5953071,MO,29,2019,-0.1293860944791795
Montana,57248,34263,15.4,130974,12.6,222198,1042643,MT,30,2019,-0.22521770387558482
Nebraska,63290,53479,11.5,186402,9.9,463439,1877617,NE,31,2019,-1.0877021884432303
Nevada,63268,119574,17.6,384900,12.7,679581,3037189,NV,32,2019,-0.19327383407678325
New Hampshire,78571,20036,8.1,98310,7.5,248683,1316508,NH,33,2019,-1.8543550636144712
New Jersey,85786,233496,12.2,795676,9.1,1915377,8712974,NJ,34,2019,-1.3432531468336442
New Mexico,52021,109631,23.5,358526,17.5,466224,2053271,NM,35,2019,1.3400319162656984
New York,72038,716817,18.2,2471760,13.1,3933305,18932422,NY,36,2019,-0.06549835488157635
North Carolina,57388,435728,19.3,1383760,13.6,2258304,10199132,NC,37,2019,0.09422099411243212
North Dakota,67402,19263,10.9,77327,10.5,177269,738766,ND,38,2019,-0.8960389696504203
Ohio,58704,458134,18.1,1474285,13.0,2528042,11362381,OH,39,2019,-0.09744222468037793
Oklahoma,54447,183999,19.7,578631,15.1,933976,3841758,OK,40,2019,0.5733790410944576
Oregon,66955,114674,13.6,474302,11.5,845396,4136485,OR,41,2019,-0.5766002716624034
Pennsylvania,63455,426395,16.5,1481193,12.0,2578438,12387186,PA,42,2019,-0.4168809226683949
Rhode Island,70383,33122,16.5,118095,11.6,200476,1018596,RI,44,2019,-0.5446564018636018
South Carolina,56360,216175,19.9,695259,13.9,1085786,5003261,SC,45,2019,0.19005260350883743
South Dakota,60414,31584,14.9,101371,11.9,211333,854605,SD,46,2019,-0.4488247924671965
Tennessee,56047,286752,19.4,919850,13.8,1476506,6656446,TN,47,2019,0.15810873371003586
Texas,64044,1401195,19.2,3870944,13.6,7296060,28361496,TX,48,2019,0.09422099411243212
Utah,75705,88325,9.6,279435,8.8,920189,3157998,UT,49,2019,-1.4390847562300488
Vermont,63293,12054,10.8,60624,10.1,111441,599036,VT,50,2019,-1.0238144488456271
Virginia,76471,242806,13.3,822944,9.9,1827105,8279326,VA,51,2019,-1.0877021884432303
Washington,78674,195927,12.0,731216,9.8,1628987,7470209,WA,53,2019,-1.119646058242032
West Virginia,48659,72505,20.8,281175,16.2,347952,1739027,WV,54,2019,0.9247616088812761
Wisconsin,64177,167882,13.5,591404,10.4,1241273,5675545,WI,55,2019,-0.9279828394492219
Wyoming,66152,15137,11.7,55776,9.9,129880,563539,WY,56,2019,-1.0877021884432303
Alabama,53958,222934,20.9,714568,14.9,1067616,4799999,AL,1,2020,0.5094913014968544
Alaska,79961,21459,12.3,68714,9.6,174085,713257,AK,2,2020,-1.1835337978396356
Arizona,64652,283667,17.6,932555,12.8,1610241,7259760,AZ,4,2020,-0.1613299642779811
Arkansas,51146,142855,20.8,448665,15.2,685660,2944601,AR,5,2020,0.6053229108932592
California,83001,1260145,14.6,4419167,11.5,8609649,38585897,CA,6,2020,-0.5766002716624034
Colorado,77688,129839,10.6,511346,9.0,1227451,5685697,CO,8,2020,-1.3751970166324456
Connecticut,79723,83935,11.8,333435,9.7,708630,3454806,CT,9,2020,-1.1515899280408342
Delaware,71335,30380,15.1,104400,10.9,200891,961236,DE,10,2020,-0.7682634904552135
District of Columbia,91957,28420,22.3,101959,15.0,127696,680439,DC,11,2020,0.541435171295656
Florida,61724,714847,17.2,2642642,12.4,4165785,21304139,FL,12,2020,-0.289105443473188
Georgia,62800,479569,19.5,1465328,14.0,2460932,10432381,GA,13,2020,0.22199647330763903
Hawaii,86878,29682,10.4,121182,8.9,286359,1366396,HI,15,2020,-1.4071408864312474
Idaho,62603,51193,11.6,181197,10.1,442618,1793925,ID,16,2020,-1.0238144488456271
Illinois,71243,377680,13.9,1351159,11.0,2724392,12284107,IL,17,2020,-0.7363196206564119
Indiana,60794,228832,14.9,760167,11.6,1532393,6554301,IN,18,2020,-0.5446564018636018
Iowa,62362,85187,12.0,313752,10.2,710585,3066586,IA,19,2020,-0.9918705790468256
Kansas,63214,88491,13.0,300931,10.6,680850,2827805,KS,20,2020,-0.8640950998516187
Kentucky,54074,189696,19.4,647158,14.9,976403,4338777,KY,21,2020,0.5094913014968544
Louisiana,51730,258205,24.3,802040,17.8,1061063,4511309,LA,22,2020,1.4358635256621037
Maine,59145,30612,12.8,139614,10.6,239932,1313116,ME,23,2020,-0.8640950998516187
Maryland,88589,146629,11.2,533561,9.0,1305891,5909269,MD,24,2020,-1.3751970166324456
Massachusetts,87288,143199,10.9,628899,9.4,1317134,6658077,MA,25,2020,-1.2474215374372388
Michigan,61352,349847,16.8,1232948,12.6,2087116,9758289,MI,26,2020,-0.22521770387558482
Minnesota,75489,121018,9.5,458302,8.3,1275994,5536416,MN,27,2020,-1.5988041052240574
Mississippi,47368,175995,26.0,536535,18.7,676037,2869499,MS,28,2020,1.7233583538513184
Missouri,58812,208410,15.5,725117,12.1,1340849,5979186,MO,29,2020,-0.3849370528695933
Montana,57730,32949,14.6,130711,12.4,225564,1057027,MT,30,2020,-0.289105443473188
Nebraska,64735,47064,10.1,172623,9.2,465157,1884816,NE,31,2020,-1.3113092770348427
Nevada,64608,114374,16.7,386817,12.5,683917,3096847,NV,32,2020,-0.2571615736743864
New Hampshire,81415,20726,8.4,92404,7.0,247828,1325241,NH,33,2020,-2.0140744126084797
New Jersey,87095,238944,12.6,818389,9.4,1903644,8708051,NJ,34,2020,-1.2474215374372388
New Mexico,52285,99575,21.6,346455,16.8,461173,2061540,NM,35,2020,1.1164248276740867
New York,73354,653300,16.7,2401141,12.7,3909294,18840599,NY,36,2020,-0.19327383407678325
North Carolina,59616,404731,17.9,1329685,12.9,2257066,10308695,NC,37,2020,-0.1293860944791795
North Dakota,64289,19470,10.9,75781,10.2,179016,742259,ND,38,2020,-0.9918705790468256
Ohio,60360,417333,16.6,1428219,12.6,2511027,11369464,OH,39,2020,-0.22521770387558482
Oklahoma,54512,173405,18.6,552168,14.3,934364,3866001,OK,40,2020,0.31782808270404433
Oregon,67832,102454,12.2,457940,11.0,840687,4162925,OR,41,2020,-0.7363196206564119
Pennsylvania,64898,367804,14.3,1345976,10.9,2568648,12382206,PA,42,2020,-0.7682634904552135
Rhode Island,73919,28952,14.5,108306,10.6,199151,1017632,RI,44,2020,-0.8640950998516187
South Carolina,57216,205775,18.7,703004,13.8,1100958,5085371,SC,45,2020,0.15810873371003586
South Dakota,61149,29754,13.9,99903,11.6,214095,864271,SD,46,2020,-0.5446564018636018
Tennessee,56962,272337,18.4,911097,13.6,1478064,6715345,TN,47,2020,0.09422099411243212
Texas,66048,1373643,18.8,3862713,13.4,7312837,28725933,TX,48,2020,0.03033325451482896
Utah,77785,68900,7.5,234666,7.3,915840,3200001,UT,49,2020,-1.9182428032120746
Vermont,67717,11061,10.0,56281,9.4,110950,598881,VT,50,2020,-1.2474215374372388
Virginia,79154,223617,12.2,769479,9.2,1833148,8336520,VA,51,2020,-1.3113092770348427
Washington,80319,179067,11.0,714653,9.5,1629311,7547558,WA,53,2020,-1.2154776676384373
West Virginia,49202,70402,20.3,274176,15.8,346624,1734091,WV,54,2020,0.7969861296860697
Wisconsin,64901,152597,12.4,571049,10.0,1233973,5689268,WI,55,2020,-1.0557583186444288
Wyoming,67284,13463,10.3,52418,9.2,130368,568302,WY,56,2020,-1.3113092770348427
Alabama,62248,236320,21.3,780043,15.7,1111708,4960864,AL,1,2023,0.7650422598872676
Alaska,88696,21568,12.5,75594,10.5,172695,717297,AK,2,2023,-0.8960389696504203
Arizona,77158,246285,15.8,917925,12.6,1553904,7274143,AZ,4,2023,-0.22521770387558482
Arkansas,58748,140145,20.2,459700,15.4,693446,2980315,AR,5,2023,0.6692106504908628
California,95473,1242302,15.0,4597732,12.0,8307128,38249913,CA,6,2023,-0.4168809226683949
Colorado,92790,129751,10.9,538673,9.4,1195543,5757095,CO,8,2023,-1.2474215374372388
Connecticut,91477,92619,13.0,359550,10.2,712389,3521973,CT,9,2023,-0.9918705790468256
Delaware,81615,32159,15.4,109203,10.8,208281,1007029,DE,10,2023,-0.800207360254015
District of Columbia,104643,25956,20.7,98811,15.2,125357,649443,DC,11,2023,0.6053229108932592
Florida,73283,689967,16.0,2741486,12.4,4304645,22139618,FL,12,2023,-0.289105443473188
Georgia,74521,469680,18.8,1477354,13.7,2498809,10765239,GA,13,2023,0.12616486391123372
Hawaii,96716,33698,11.8,143193,10.2,285804,1398553,HI,15,2023,-0.9918705790468256
Idaho,74859,52105,11.3,193938,10.1,460753,1915283,ID,16,2023,-1.0238144488456271
Illinois,80346,390309,14.7,1424894,11.6,2656780,12268067,IL,17,2023,-0.5446564018636018
Indiana,69458,234986,15.1,815808,12.2,1555523,6672165,IN,18,2023,-0.35299318307079175
Iowa,71662,93466,13.0,344877,11.1,717196,3108621,IA,19,2023,-0.7043757508576103
Kansas,70316,89475,13.1,319815,11.2,682772,2854477,KS,20,2023,-0.6724318810588087
Kentucky,61099,201537,20.2,709405,16.1,997287,4402490,KY,21,2023,0.8928177390824751
Louisiana,58273,264541,25.2,839489,18.9,1050072,4448115,LA,22,2023,1.7872460934489216
Maine,73463,30775,12.6,141996,10.5,243928,1355374,ME,23,2023,-0.8960389696504203
Maryland,98568,149906,11.3,585097,9.7,1332385,6048679,MD,24,2023,-1.1515899280408342
Massachusetts,99750,167647,12.7,710123,10.5,1319239,6780416,MA,25,2023,-0.8960389696504203
Michigan,69097,362488,17.5,1322242,13.5,2074663,9827387,MI,26,2023,0.06227712431363054
Minnesota,85070,130152,10.2,519464,9.2,1281186,5617920,MN,27,2023,-1.3113092770348427
Mississippi,54386,162144,24.3,519394,18.3,667359,2841623,MS,28,2023,1.595582874656112
Missouri,68484,197439,14.7,723813,12.0,1343041,6026002,MO,29,2023,-0.4168809226683949
Montana,70939,29566,12.8,130301,11.8,230933,1107781,MT,30,2023,-0.48076866226599807
Nebraska,74727,52447,11.1,197626,10.2,473544,1931441,NE,31,2023,-0.9918705790468256
Nevada,76332,110536,16.4,383742,12.2,673073,3154868,NV,32,2023,-0.35299318307079175
New Hampshire,97031,20374,8.2,99969,7.3,247424,1362536,NH,33,2023,-1.9182428032120746
New Jersey,99716,252962,12.8,885529,9.7,1983651,9131699,NJ,34,2023,-1.1515899280408342
New Mexico,62286,100608,22.6,349872,16.9,444460,2075107,NM,35,2023,1.1483686974728877
New York,82052,718306,18.6,2697685,14.1,3866276,19068452,NY,36,2023,0.2539403431064406
North Carolina,70838,403041,17.5,1351818,12.8,2296635,10549803,NC,37,2023,-0.1613299642779811
North Dakota,77346,18256,10.1,75483,10.0,180401,754937,ND,38,2023,-1.0557583186444288
Ohio,67873,441934,17.5,1518116,13.2,2527435,11479789,OH,39,2023,-0.03355448508277477
Oklahoma,62120,194200,20.5,621050,15.8,948090,3932805,OK,40,2023,0.7969861296860697
Oregon,80061,111495,13.6,503758,12.1,817328,4159187,OR,41,2023,-0.3849370528695933
Pennsylvania,73826,400534,15.5,1497696,11.9,2577498,12535828,PA,42,2023,-0.4488247924671965
Rhode Island,83518,30274,15.1,120087,11.4,200446,1055350,RI,44,2023,-0.608544141461205
South Carolina,67988,211225,18.8,724634,13.9,1123023,5231348,SC,45,2023,0.19005260350883743
South Dakota,72794,29314,13.5,101184,11.4,217847,890824,SD,46,2023,-0.608544141461205
Tennessee,67651,290918,18.9,963479,13.8,1539389,6969464,TN,47,2023,0.15810873371003586
Texas,75778,1373461,18.4,4091368,13.7,7463443,29889509,TX,48,2023,0.12616486391123372
Utah,93030,85097,9.2,302676,9.0,919991,3363174,UT,49,2023,-1.3751970166324456
Vermont,80626,11515,10.2,61591,9.9,112342,624378,VT,50,2023,-1.0877021884432303
Virginia,89864,235215,12.7,867052,10.2,1850016,8472709,VA,51,2023,-0.9918705790468256
Washington,94553,196142,12.1,793263,10.3,1614628,7678884,WA,53,2023,-0.9599267092480235
West Virginia,55875,67559,19.6,281922,16.4,344845,1716160,WV,54,2023,0.9886493484788793
Wisconsin,74671,157510,12.8,614069,10.6,1227404,5781488,WI,55,2023,-0.8640950998516187
Wyoming,73558,15355,12.0,59458,10.4,127975,571034,WY,56,2023,-0.9279828394492219
